match_id,date,season,innings_number,batting_team,bowling_team,runs,wickets,overs
1537342,2026-07-25,2026,1,Colombo Kaps,Dambulla Sixers,197,5,20.0
1537342,2026-07-25,2026,2,Dambulla Sixers,Colombo Kaps,176,8,20.0
1324522,2022-12-07,2022/23,1,Galle Gladiators,Kandy Falcons,121,8,20.0
1324522,2022-12-07,2022/23,2,Kandy Falcons,Galle Gladiators,123,5,15.0
1238771,2020-12-11,2020/21,1,Dambulla Viiking,Colombo Kings,203,3,20.0
1238771,2020-12-11,2020/21,2,Colombo Kings,Dambulla Viiking,205,5,18.5
1238767,2020-12-09,2020/21,1,Jaffna Stallions,Kandy Tuskers,150,10,20.0
1238767,2020-12-09,2020/21,2,Kandy Tuskers,Jaffna Stallions,151,4,19.1
1324534,2022-12-17,2022/23,1,Colombo Stars,Kandy Falcons,106,10,19.1
1324534,2022-12-17,2022/23,2,Kandy Falcons,Colombo Stars,108,1,16.0
1382878,2023-07-30,2023,1,Jaffna Kings,Colombo Strikers,173,5,20.0
1382878,2023-07-30,2023,2,Colombo Strikers,Jaffna Kings,152,10,19.4
1382897,2023-08-15,2023,1,Colombo Strikers,Galle Titans,74,10,15.4
1382897,2023-08-15,2023,2,Galle Titans,Colombo Strikers,75,2,8.3
1291209,2021-12-14,2021/22,1,Kandy Warriors,Colombo Stars,146,9,20.0
1291209,2021-12-14,2021/22,2,Colombo Stars,Kandy Warriors,150,5,19.4
1291198,2021-12-07,2021/22,1,Dambulla Giants,Jaffna Kings,110,10,19.3
1291198,2021-12-07,2021/22,2,Jaffna Kings,Dambulla Giants,114,2,12.3
1428479,2024-07-18,2024,1,Jaffna Kings,Galle Marvels,177,7,20.0
1428479,2024-07-18,2024,2,Galle Marvels,Jaffna Kings,181,3,18.1
1428480,2024-07-18,2024,1,Colombo Strikers,Kandy Falcons,159,8,20.0
1428480,2024-07-18,2024,2,Kandy Falcons,Colombo Strikers,163,8,18.4
1382881,2023-08-01,2023,1,Jaffna Kings,Dambulla Aura,129,7,20.0
1382881,2023-08-01,2023,2,Dambulla Aura,Jaffna Kings,132,2,16.2
1537339,2026-07-23,2026,1,Colombo Kaps,Kandy Royals,192,9,20.0
1537339,2026-07-23,2026,2,Kandy Royals,Colombo Kaps,169,8,20.0
1428459,2024-07-01,2024,1,Dambulla Sixers,Kandy Falcons,179,4,20.0
1428459,2024-07-01,2024,2,Kandy Falcons,Dambulla Sixers,183,4,17.2
1324538,2022-12-19,2022/23,1,Galle Gladiators,Dambulla Aura,129,8,20.0
1324538,2022-12-19,2022/23,2,Dambulla Aura,Galle Gladiators,134,6,14.2
1291205,2021-12-11,2021/22,1,Dambulla Giants,Colombo Stars,138,9,20.0
1291205,2021-12-11,2021/22,2,Colombo Stars,Dambulla Giants,137,8,20.0
1428475,2024-07-14,2024,1,Jaffna Kings,Colombo Strikers,109,9,20.0
1428475,2024-07-14,2024,2,Colombo Strikers,Jaffna Kings,112,1,9.5
1428463,2024-07-03,2024,1,Galle Marvels,Colombo Strikers,179,10,20.0
1428463,2024-07-03,2024,2,Colombo Strikers,Galle Marvels,172,9,20.0
1291213,2021-12-17,2021/22,1,Galle Gladiators,Jaffna Kings,129,8,20.0
1291213,2021-12-17,2021/22,2,Jaffna Kings,Galle Gladiators,109,10,18.3
1537335,2026-07-19,2026,1,Kandy Royals,Colombo Kaps,179,10,20.0
1537335,2026-07-19,2026,2,Colombo Kaps,Kandy Royals,182,5,19.4
1537334,2026-07-19,2026,1,Dambulla Sixers,Jaffna Kings,130,10,19.3
1537334,2026-07-19,2026,2,Jaffna Kings,Dambulla Sixers,133,5,19.0
1291212,2021-12-16,2021/22,1,Dambulla Giants,Kandy Warriors,130,10,20.0
1291212,2021-12-16,2021/22,2,Kandy Warriors,Dambulla Giants,135,4,19.2
1428462,2024-07-03,2024,1,Dambulla Sixers,Jaffna Kings,191,2,20.0
1428462,2024-07-03,2024,2,Jaffna Kings,Dambulla Sixers,197,6,20.0
1291195,2021-12-05,2021/22,1,Galle Gladiators,Jaffna Kings,164,7,20.0
1291195,2021-12-05,2021/22,2,Jaffna Kings,Galle Gladiators,110,10,18.4
1428474,2024-07-14,2024,1,Galle Marvels,Dambulla Sixers,148,9,20.0
1428474,2024-07-14,2024,2,Dambulla Sixers,Galle Marvels,148,7,20.0
1428474,2024-07-14,2024,3,Dambulla Sixers,Galle Marvels,6,2,0.5
1428474,2024-07-14,2024,4,Galle Marvels,Dambulla Sixers,12,0,0.4
1324542,2022-12-23,2022/23,1,Colombo Stars,Jaffna Kings,163,5,20.0
1324542,2022-12-23,2022/23,2,Jaffna Kings,Colombo Stars,164,8,19.2
1291204,2021-12-11,2021/22,1,Galle Gladiators,Kandy Warriors,127,7,20.0
1291204,2021-12-11,2021/22,2,Kandy Warriors,Galle Gladiators,131,5,18.4
1324539,2022-12-21,2022/23,1,Kandy Falcons,Jaffna Kings,143,8,20.0
1324539,2022-12-21,2022/23,2,Jaffna Kings,Kandy Falcons,98,3,11.0
1382880,2023-07-31,2023,1,Colombo Strikers,B-Love Kandy,157,6,20.0
1382880,2023-07-31,2023,2,B-Love Kandy,Colombo Strikers,130,8,20.0
1537338,2026-07-22,2026,1,Galle Gallants,Dambulla Sixers,178,8,20.0
1537338,2026-07-22,2026,2,Dambulla Sixers,Galle Gallants,180,4,16.1
1428481,2024-07-20,2024,1,Jaffna Kings,Kandy Falcons,187,7,20.0
1428481,2024-07-20,2024,2,Kandy Falcons,Jaffna Kings,186,8,20.0
1428478,2024-07-16,2024,1,Dambulla Sixers,Colombo Strikers,123,10,20.0
1428478,2024-07-16,2024,2,Colombo Strikers,Dambulla Sixers,95,10,18.1
1324519,2022-12-06,2022/23,1,Jaffna Kings,Galle Gladiators,137,10,19.5
1324519,2022-12-06,2022/23,2,Galle Gladiators,Jaffna Kings,113,10,20.0
1291199,2021-12-07,2021/22,1,Kandy Warriors,Galle Gladiators,143,6,20.0
1291199,2021-12-07,2021/22,2,Galle Gladiators,Kandy Warriors,147,6,19.2
1291208,2021-12-13,2021/22,1,Dambulla Giants,Jaffna Kings,69,10,14.1
1291208,2021-12-13,2021/22,2,Jaffna Kings,Dambulla Giants,71,3,9.2
1382879,2023-07-31,2023,1,Galle Titans,Dambulla Aura,180,5,20.0
1382879,2023-07-31,2023,2,Dambulla Aura,Galle Titans,180,7,20.0
1382879,2023-07-31,2023,3,Dambulla Aura,Galle Titans,9,1,1.0
1382879,2023-07-31,2023,4,Galle Titans,Dambulla Aura,11,0,0.2
1382896,2023-08-14,2023,1,Dambulla Aura,B-Love Kandy,162,7,20.0
1382896,2023-08-14,2023,2,B-Love Kandy,Dambulla Aura,142,10,19.4
1324535,2022-12-18,2022/23,1,Jaffna Kings,Galle Gladiators,170,8,20.0
1324535,2022-12-18,2022/23,2,Galle Gladiators,Jaffna Kings,154,9,20.0
1238766,2020-12-07,2020/21,1,Dambulla Viiking,Jaffna Stallions,42,3,7.0
1238770,2020-12-10,2020/21,1,Kandy Tuskers,Galle Gladiators,126,10,19.1
1238770,2020-12-10,2020/21,2,Galle Gladiators,Kandy Tuskers,130,1,17.0
1537343,2026-07-26,2026,1,Jaffna Kings,Kandy Royals,199,4,20.0
1537343,2026-07-26,2026,2,Kandy Royals,Jaffna Kings,106,10,18.2
1324523,2022-12-08,2022/23,1,Colombo Stars,Dambulla Aura,165,9,20.0
1324523,2022-12-08,2022/23,2,Dambulla Aura,Colombo Stars,156,7,20.0
1324528,2022-12-12,2022/23,1,Jaffna Kings,Colombo Stars,178,5,20.0
1324528,2022-12-12,2022/23,2,Colombo Stars,Jaffna Kings,172,8,20.0
1291203,2021-12-10,2021/22,1,Jaffna Kings,Colombo Stars,207,6,18.0
1291203,2021-12-10,2021/22,2,Colombo Stars,Jaffna Kings,114,10,15.5
1428473,2024-07-13,2024,1,Kandy Falcons,Jaffna Kings,78,5,7.0
1428473,2024-07-13,2024,2,Jaffna Kings,Kandy Falcons,79,6,5.5
1428465,2024-07-06,2024,1,Colombo Strikers,Kandy Falcons,199,9,20.0
1428465,2024-07-06,2024,2,Kandy Falcons,Colombo Strikers,197,8,20.0
1291215,2021-12-19,2021/22,1,Colombo Stars,Dambulla Giants,145,6,20.0
1291215,2021-12-19,2021/22,2,Dambulla Giants,Colombo Stars,146,4,18.5
1537333,2026-07-18,2026,1,Colombo Kaps,Galle Gallants,189,8,20.0
1537333,2026-07-18,2026,2,Galle Gallants,Colombo Kaps,191,5,19.2
1238757,2020-11-30,2020/21,1,Kandy Tuskers,Galle Gladiators,196,5,20.0
1238757,2020-11-30,2020/21,2,Galle Gladiators,Kandy Tuskers,171,7,20.0
1537344,2026-07-26,2026,1,Galle Gallants,Dambulla Sixers,220,6,20.0
1537344,2026-07-26,2026,2,Dambulla Sixers,Galle Gallants,176,7,20.0
1324524,2022-12-10,2022/23,1,Jaffna Kings,Kandy Falcons,147,7,20.0
1324524,2022-12-10,2022/23,2,Kandy Falcons,Jaffna Kings,148,7,20.0
1382901,2023-08-20,2023,1,Dambulla Aura,B-Love Kandy,147,4,20.0
1382901,2023-08-20,2023,2,B-Love Kandy,Dambulla Aura,151,5,19.5
1238761,2020-12-03,2020/21,1,Kandy Tuskers,Dambulla Viiking,156,6,20.0
1238761,2020-12-03,2020/21,2,Dambulla Viiking,Kandy Tuskers,157,5,19.2
1324532,2022-12-14,2022/23,1,Dambulla Aura,Colombo Stars,89,10,13.5
1324532,2022-12-14,2022/23,2,Colombo Stars,Dambulla Aura,90,1,11.3
1382891,2023-08-11,2023,1,Galle Titans,Dambulla Aura,133,9,20.0
1382891,2023-08-11,2023,2,Dambulla Aura,Galle Titans,134,3,17.4
1428469,2024-07-09,2024,1,Jaffna Kings,Kandy Falcons,224,7,20.0
1428469,2024-07-09,2024,2,Kandy Falcons,Jaffna Kings,230,3,18.2
1382887,2023-08-07,2023,1,Galle Titans,Colombo Strikers,188,3,20.0
1382887,2023-08-07,2023,2,Colombo Strikers,Galle Titans,189,3,19.5
1291218,2021-12-23,2021/22,1,Jaffna Kings,Galle Gladiators,201,3,20.0
1291218,2021-12-23,2021/22,2,Galle Gladiators,Jaffna Kings,178,9,20.0
1382886,2023-08-05,2023,1,Jaffna Kings,B-Love Kandy,117,9,20.0
1382886,2023-08-05,2023,2,B-Love Kandy,Jaffna Kings,118,2,13.0
1428468,2024-07-07,2024,1,Colombo Strikers,Dambulla Sixers,185,6,20.0
1428468,2024-07-07,2024,2,Dambulla Sixers,Colombo Strikers,188,2,17.5
1382890,2023-08-08,2023,1,Colombo Strikers,Jaffna Kings,146,8,20.0
1382890,2023-08-08,2023,2,Jaffna Kings,Colombo Strikers,150,4,14.3
1324533,2022-12-17,2022/23,1,Dambulla Aura,Galle Gladiators,178,5,20.0
1324533,2022-12-17,2022/23,2,Galle Gladiators,Dambulla Aura,130,10,19.4
1238760,2020-12-03,2020/21,1,Galle Gladiators,Jaffna Stallions,170,6,20.0
1238760,2020-12-03,2020/21,2,Jaffna Stallions,Galle Gladiators,174,5,19.4
1382900,2023-08-19,2023,1,B-Love Kandy,Galle Titans,157,7,20.0
1382900,2023-08-19,2023,2,Galle Titans,B-Love Kandy,123,8,20.0
1537345,2026-07-28,2026,1,Jaffna Kings,Colombo Kaps,202,5,20.0
1537345,2026-07-28,2026,2,Colombo Kaps,Jaffna Kings,183,9,20.0
1324525,2022-12-11,2022/23,1,Galle Gladiators,Colombo Stars,174,6,20.0
1324525,2022-12-11,2022/23,2,Colombo Stars,Galle Gladiators,149,7,20.0
1537332,2026-07-18,2026,1,Dambulla Sixers,Kandy Royals,205,6,20.0
1537332,2026-07-18,2026,2,Kandy Royals,Dambulla Sixers,187,6,20.0
1238756,2020-11-30,2020/21,1,Jaffna Stallions,Dambulla Viiking,218,7,20.0
1238756,2020-11-30,2020/21,2,Dambulla Viiking,Jaffna Stallions,152,10,19.1
1291214,2021-12-17,2021/22,1,Colombo Stars,Kandy Warriors,182,6,20.0
1291214,2021-12-17,2021/22,2,Kandy Warriors,Colombo Stars,124,10,17.0
1428464,2024-07-05,2024,1,Galle Marvels,Jaffna Kings,187,5,20.0
1428464,2024-07-05,2024,2,Jaffna Kings,Galle Marvels,191,5,19.4
1428472,2024-07-10,2024,1,Kandy Falcons,Galle Marvels,187,9,20.0
1428472,2024-07-10,2024,2,Galle Marvels,Kandy Falcons,188,2,19.2
1291202,2021-12-10,2021/22,1,Dambulla Giants,Galle Gladiators,159,7,20.0
1291202,2021-12-10,2021/22,2,Galle Gladiators,Dambulla Giants,18,0,1.2
1324529,2022-12-13,2022/23,1,Kandy Falcons,Dambulla Aura,193,3,20.0
1324529,2022-12-13,2022/23,2,Dambulla Aura,Kandy Falcons,116,10,14.2
1537331,2026-07-17,2026,1,Galle Gallants,Jaffna Kings,213,6,20.0
1537331,2026-07-17,2026,2,Jaffna Kings,Galle Gallants,177,10,19.4
1238755,2020-11-28,2020/21,1,Colombo Kings,Galle Gladiators,96,1,5.0
1238755,2020-11-28,2020/21,2,Galle Gladiators,Colombo Kings,62,2,5.0
1382889,2023-08-08,2023,1,B-Love Kandy,Galle Titans,203,5,20.0
1382889,2023-08-08,2023,2,Galle Titans,B-Love Kandy,114,10,16.4
1291217,2021-12-21,2021/22,1,Jaffna Kings,Dambulla Giants,210,4,20.0
1291217,2021-12-21,2021/22,2,Dambulla Giants,Jaffna Kings,187,9,20.0
1428467,2024-07-07,2024,1,Kandy Falcons,Galle Marvels,175,7,20.0
1428467,2024-07-07,2024,2,Galle Marvels,Kandy Falcons,176,4,17.1
1428471,2024-07-10,2024,1,Colombo Strikers,Jaffna Kings,188,9,20.0
1428471,2024-07-10,2024,2,Jaffna Kings,Colombo Strikers,190,3,18.3
1291201,2021-12-08,2021/22,1,Jaffna Kings,Kandy Warriors,181,6,14.0
1291201,2021-12-08,2021/22,2,Kandy Warriors,Jaffna Kings,166,5,14.0
1382885,2023-08-05,2023,1,Dambulla Aura,Colombo Strikers,192,6,20.0
1382885,2023-08-05,2023,2,Colombo Strikers,Dambulla Aura,182,4,20.0
1238759,2020-12-01,2020/21,1,Jaffna Stallions,Kandy Tuskers,185,8,20.0
1238759,2020-12-01,2020/21,2,Kandy Tuskers,Jaffna Stallions,131,10,17.1
1382893,2023-08-12,2023,1,Dambulla Aura,Colombo Strikers,166,5,20.0
1382893,2023-08-12,2023,2,Colombo Strikers,Dambulla Aura,116,10,19.4
1324530,2022-12-13,2022/23,1,Galle Gladiators,Colombo Stars,193,5,20.0
1324530,2022-12-13,2022/23,2,Colombo Stars,Galle Gladiators,197,8,20.0
1238763,2020-12-05,2020/21,1,Dambulla Viiking,Galle Gladiators,207,4,20.0
1238763,2020-12-05,2020/21,2,Galle Gladiators,Dambulla Viiking,198,7,20.0
1324526,2022-12-11,2022/23,1,Jaffna Kings,Dambulla Aura,240,4,20.0
1324526,2022-12-11,2022/23,2,Dambulla Aura,Jaffna Kings,189,8,20.0
1324527,2022-12-12,2022/23,1,Galle Gladiators,Kandy Falcons,153,6,20.0
1324527,2022-12-12,2022/23,2,Kandy Falcons,Galle Gladiators,141,7,20.0
1238774,2020-12-16,2020/21,1,Jaffna Stallions,Galle Gladiators,188,6,20.0
1238774,2020-12-16,2020/21,2,Galle Gladiators,Jaffna Stallions,135,9,20.0
1238762,2020-12-04,2020/21,1,Jaffna Stallions,Colombo Kings,148,9,20.0
1238762,2020-12-04,2020/21,2,Colombo Kings,Jaffna Stallions,151,4,19.2
1324531,2022-12-14,2022/23,1,Kandy Falcons,Jaffna Kings,160,8,20.0
1324531,2022-12-14,2022/23,2,Jaffna Kings,Kandy Falcons,150,9,20.0
1382892,2023-08-12,2023,1,B-Love Kandy,Jaffna Kings,178,8,20.0
1382892,2023-08-12,2023,2,Jaffna Kings,B-Love Kandy,170,6,20.0
1382884,2023-08-04,2023,1,Galle Titans,Jaffna Kings,117,9,20.0
1382884,2023-08-04,2023,2,Jaffna Kings,Galle Titans,120,2,12.4
1238758,2020-12-01,2020/21,1,Dambulla Viiking,Colombo Kings,175,9,20.0
1238758,2020-12-01,2020/21,2,Colombo Kings,Dambulla Viiking,147,10,18.4
1291200,2021-12-08,2021/22,1,Dambulla Giants,Colombo Stars,195,6,20.0
1291200,2021-12-08,2021/22,2,Colombo Stars,Dambulla Giants,177,10,18.5
1428470,2024-07-09,2024,1,Dambulla Sixers,Galle Marvels,160,8,20.0
1428470,2024-07-09,2024,2,Galle Marvels,Dambulla Sixers,135,10,19.4
1428466,2024-07-06,2024,1,Jaffna Kings,Dambulla Sixers,218,5,20.0
1428466,2024-07-06,2024,2,Dambulla Sixers,Jaffna Kings,188,8,20.0
1291216,2021-12-19,2021/22,1,Galle Gladiators,Jaffna Kings,188,5,20.0
1291216,2021-12-19,2021/22,2,Jaffna Kings,Galle Gladiators,124,10,16.5
1238754,2020-11-28,2020/21,1,Dambulla Viiking,Kandy Tuskers,195,5,20.0
1238754,2020-11-28,2020/21,2,Kandy Tuskers,Dambulla Viiking,84,3,9.4
1382888,2023-08-07,2023,1,Dambulla Aura,Jaffna Kings,134,8,20.0
1382888,2023-08-07,2023,2,Jaffna Kings,Dambulla Aura,125,7,20.0
1382883,2023-08-04,2023,1,Dambulla Aura,B-Love Kandy,156,6,20.0
1382883,2023-08-04,2023,2,B-Love Kandy,Dambulla Aura,160,3,18.3
1428482,2024-07-21,2024,1,Galle Marvels,Jaffna Kings,184,6,20.0
1428482,2024-07-21,2024,2,Jaffna Kings,Galle Marvels,185,1,15.4
1382895,2023-08-13,2023,1,Colombo Strikers,B-Love Kandy,169,9,20.0
1382895,2023-08-13,2023,2,B-Love Kandy,Colombo Strikers,160,8,20.0
1324536,2022-12-18,2022/23,1,Kandy Falcons,Dambulla Aura,160,7,20.0
1324536,2022-12-18,2022/23,2,Dambulla Aura,Kandy Falcons,121,9,20.0
1238765,2020-12-07,2020/21,1,Colombo Kings,Galle Gladiators,171,10,20.0
1238765,2020-12-07,2020/21,2,Galle Gladiators,Colombo Kings,175,2,17.3
1238773,2020-12-14,2020/21,1,Jaffna Stallions,Dambulla Viiking,165,9,20.0
1238773,2020-12-14,2020/21,2,Dambulla Viiking,Jaffna Stallions,128,10,19.1
1324520,2022-12-06,2022/23,1,Kandy Falcons,Colombo Stars,199,1,20.0
1324520,2022-12-06,2022/23,2,Colombo Stars,Kandy Falcons,90,10,14.3
1537340,2026-07-23,2026,1,Galle Gallants,Jaffna Kings,193,8,20.0
1537340,2026-07-23,2026,2,Jaffna Kings,Galle Gallants,133,9,17.5
1238753,2020-11-27,2020/21,1,Galle Gladiators,Jaffna Stallions,175,8,20.0
1238753,2020-11-27,2020/21,2,Jaffna Stallions,Galle Gladiators,176,2,19.3
1537337,2026-07-22,2026,1,Jaffna Kings,Colombo Kaps,179,6,20.0
1537337,2026-07-22,2026,2,Colombo Kaps,Jaffna Kings,174,9,20.0
1291211,2021-12-16,2021/22,1,Jaffna Kings,Colombo Stars,193,5,20.0
1291211,2021-12-16,2021/22,2,Colombo Stars,Jaffna Kings,91,10,15.5
1428461,2024-07-02,2024,1,Colombo Strikers,Kandy Falcons,198,7,20.0
1428461,2024-07-02,2024,2,Kandy Falcons,Colombo Strikers,147,10,15.5
1291196,2021-12-06,2021/22,1,Dambulla Giants,Kandy Warriors,190,7,20.0
1291196,2021-12-06,2021/22,2,Kandy Warriors,Dambulla Giants,170,8,20.0
1428477,2024-07-15,2024,1,Galle Marvels,Colombo Strikers,138,10,19.5
1428477,2024-07-15,2024,2,Colombo Strikers,Galle Marvels,142,3,18.2
1382899,2023-08-17,2023,1,B-Love Kandy,Jaffna Kings,188,8,20.0
1382899,2023-08-17,2023,2,Jaffna Kings,B-Love Kandy,127,10,17.2
1324541,2022-12-22,2022/23,1,Kandy Falcons,Colombo Stars,168,6,20.0
1324541,2022-12-22,2022/23,2,Colombo Stars,Kandy Falcons,169,4,18.5
1291207,2021-12-12,2021/22,1,Colombo Stars,Galle Gladiators,162,7,18.0
1291207,2021-12-12,2021/22,2,Galle Gladiators,Colombo Stars,121,10,16.5
1238769,2020-12-10,2020/21,1,Colombo Kings,Jaffna Stallions,173,4,20.0
1238769,2020-12-10,2020/21,2,Jaffna Stallions,Colombo Kings,167,6,20.0
1238768,2020-12-09,2020/21,1,Galle Gladiators,Dambulla Viiking,168,8,20.0
1238768,2020-12-09,2020/21,2,Dambulla Viiking,Galle Gladiators,174,6,20.0
1291206,2021-12-12,2021/22,1,Kandy Warriors,Jaffna Kings,94,2,12.2
1291206,2021-12-12,2021/22,2,Jaffna Kings,Kandy Warriors,95,3,8.4
1382898,2023-08-17,2023,1,Galle Titans,Dambulla Aura,146,10,20.0
1382898,2023-08-17,2023,2,Dambulla Aura,Galle Titans,147,4,19.4
1324540,2022-12-21,2022/23,1,Galle Gladiators,Colombo Stars,108,9,18.0
1324540,2022-12-21,2022/23,2,Colombo Stars,Galle Gladiators,109,3,16.5
1428476,2024-07-15,2024,1,Kandy Falcons,Dambulla Sixers,222,4,20.0
1428476,2024-07-15,2024,2,Dambulla Sixers,Kandy Falcons,168,9,20.0
1291197,2021-12-06,2021/22,1,Galle Gladiators,Colombo Stars,116,8,20.0
1291197,2021-12-06,2021/22,2,Colombo Stars,Galle Gladiators,117,6,17.3
1428460,2024-07-02,2024,1,Jaffna Kings,Galle Marvels,177,7,20.0
1428460,2024-07-02,2024,2,Galle Marvels,Jaffna Kings,179,5,20.0
1291210,2021-12-14,2021/22,1,Galle Gladiators,Dambulla Giants,134,7,14.0
1291210,2021-12-14,2021/22,2,Dambulla Giants,Galle Gladiators,125,5,14.0
1238752,2020-11-26,2020/21,1,Kandy Tuskers,Colombo Kings,219,3,20.0
1238752,2020-11-26,2020/21,2,Colombo Kings,Kandy Tuskers,219,7,20.0
1238752,2020-11-26,2020/21,3,Colombo Kings,Kandy Tuskers,16,1,1.0
1238752,2020-11-26,2020/21,4,Kandy Tuskers,Colombo Kings,12,0,1.0
1537336,2026-07-21,2026,1,Kandy Royals,Dambulla Sixers,194,6,20.0
1537336,2026-07-21,2026,2,Dambulla Sixers,Kandy Royals,151,8,20.0
1324521,2022-12-07,2022/23,1,Dambulla Aura,Jaffna Kings,121,9,20.0
1324521,2022-12-07,2022/23,2,Jaffna Kings,Dambulla Aura,122,1,15.4
1537341,2026-07-25,2026,1,Kandy Royals,Galle Gallants,165,6,20.0
1537341,2026-07-25,2026,2,Galle Gallants,Kandy Royals,154,8,20.0
1238772,2020-12-13,2020/21,1,Colombo Kings,Galle Gladiators,150,9,20.0
1238772,2020-12-13,2020/21,2,Galle Gladiators,Colombo Kings,151,8,19.5
1238764,2020-12-05,2020/21,1,Kandy Tuskers,Colombo Kings,105,10,19.2
1238764,2020-12-05,2020/21,2,Colombo Kings,Kandy Tuskers,108,3,14.1
1324537,2022-12-19,2022/23,1,Colombo Stars,Jaffna Kings,128,9,20.0
1324537,2022-12-19,2022/23,2,Jaffna Kings,Colombo Stars,131,2,15.5
1382894,2023-08-13,2023,1,Jaffna Kings,Galle Titans,89,10,20.0
1382894,2023-08-13,2023,2,Galle Titans,Jaffna Kings,90,3,13.3
1382882,2023-08-01,2023,1,Galle Titans,B-Love Kandy,180,5,20.0
1382882,2023-08-01,2023,2,B-Love Kandy,Galle Titans,97,10,17.1
